1,Murphy-Macejkovic,Durable Rubber Shirt,27.62
2,"Metz, Jacobs and Bergnaum",Gorgeous Plastic Bench,40.32
3,Hello World,Small Leather Watch,5000.0
4,Okuneva-Hammes,Awesome Leather Knife,21.99
5,"Blanda, Jerde and Beatty",Practical Silk Bag,50.59
6,Flatley-Oberbrunner,Intelligent Aluminum Gloves,34.14
7,Kertzmann-Rice,Sleek Iron Pants,21.18
8,"Raynor, Shanahan and Fritsch",Sleek Copper Computer,13.21
9,Hyatt Inc,Gorgeous Steel Bag,99.8
10,Wiegand Inc,Lightweight Steel Clock,82.73
1,Howell-Jast,Rustic Copper Wallet,48.47
2,Feest Group,Enormous Steel Table,91.49
3,"Johns, Upton and Langosh",Synergistic Bronze Hat,76.2
4,Lolerskater,Incredible Wooden Shoes,100000.0
5,Wunsch-Howe,Fantastic Linen Shirt,36.2
6,"Stehr, Tremblay and Grimes",Gorgeous Iron Chair,34.94
7,Schaden Inc,Small Paper Knife,57.67
8,Kovacek LLC,Ergonomic Cotton Wallet,91.04
9,Rolfson and Sons,Mediocre Steel Plate,32.28
10,"Wiegand, Mitchell and Bergnaum",Durable Marble Coat,62.16
1,Senger-Jenkins,Aerodynamic Aluminum Shoes,38.13
2,Harris-Langosh,Heavy Duty Plastic Keyboard,57.36
3,"Collins, Donnelly and Sawayn",Fantastic Copper Bag,21.14
4,Lolerskater,Sleek Paper Bag,100000.0
5,"Schowalter, Wuckert and West",Aerodynamic Steel Lamp,4.67
6,Thompson LLC,Gorgeous Iron Clock,46.88
7,Reilly-Schamberger,Fantastic Marble Lamp,77.76
8,"Haley, Prosacco and Koch",Practical Granite Knife,39.71
9,Kreiger Inc,Sleek Leather Bench,89.01
10,"Bartell, Berge and Zemlak",Synergistic Granite Hat,96.77
1,"Turner, Braun and Ledner",Gorgeous Bronze Bench,0.71
2,Jones-Ernser,Ergonomic Iron Lamp,18.41
3,Hello World,Heavy Duty Paper Gloves,5000.0
4,Ritchie-Connelly,Heavy Duty Copper Car,5.81
5,Kessler Inc,Small Aluminum Bag,35.27
6,"Greenfelder, Kohler and Lockman",Practical Aluminum Shoes,92.92
7,White Inc,Sleek Rubber Pants,4.97
8,VonRueden-Lindgren,Ergonomic Leather Wallet,26.93
9,VonRueden-Watsica,Lightweight Leather Bottle,25.31
10,Thiel-Wilderman,Aerodynamic Marble Hat,4.77
1,"Lynch, Monahan and Ferry",Ergonomic Marble Chair,6.03
2,Buckridge LLC,Gorgeous Copper Clock,87.5
3,Mayert-Conn,Intelligent Paper Keyboard,68.98
4,Lolerskater,Synergistic Wool Computer,100000.0
5,Ernser Inc,Small Marble Car,65.86
6,Roberts LLC,Practical Steel Bottle,27.79
7,"Rempel, Hoeger and Sauer",Aerodynamic Concrete Chair,73.97
8,Daniel and Sons,Rustic Iron Wallet,86.74
9,Pouros-Sauer,Heavy Duty Wooden Gloves,60.76
10,Huel-Smith,Gorgeous Steel Bottle,57.01
1,"Hamill, Erdman and Predovic",Aerodynamic Iron Chair,35.78
2,Jenkins-DuBuque,Fantastic Silk Plate,40.46
3,Hello World,Mediocre Cotton Shoes,5000.0
4,Hilll-Balistreri,Lightweight Silk Keyboard,57.68
5,"Stanton, Stokes and Grimes",Small Wooden Computer,21.9
6,Will-Borer,Synergistic Copper Car,54.35
7,Toy Group,Incredible Cotton Coat,69.45
8,"Kling, Lindgren and Grady",Aerodynamic Aluminum Wallet,50.68
9,Brekke-Upton,Gorgeous Wool Pants,17.89
10,Torphy Inc,Synergistic Paper Bench,99.78
1,Hamill Inc,Awesome Cotton Shirt,12.03
2,Hello,Fantastic Iron Coat,5000.0
3,"Farrell, Kunze and Hegmann",Aerodynamic Wool Bench,85.39
4,Rowe Group,Synergistic Linen Bottle,72.13
5,"Parisian, Franecki and Grant",Durable Linen Car,54.3
6,McKenzie LLC,Mediocre Wooden Watch,15.92
7,"Auer, Blick and Gislason",Practical Copper Watch,28.31
8,"Kihn, Rippin and Daugherty",Mediocre Bronze Wallet,31.02
9,Boyle-Hudson,Mediocre Concrete Computer,34.46
10,Runolfsdottir Group,Lightweight Plastic Bag,38.25
1,Hamill Inc,Awesome Cotton Shirt,12.03
2,Hello WOrld,Fantastic Iron Coat,77.39
3,"Farrell, Kunze and Hegmann",Aerodynamic Wool Bench,85.39
4,Rowe Group,Synergistic Linen Bottle,72.13
5,"Parisian, Franecki and Grant",Durable Linen Car,54.3
6,McKenzie LLC,Mediocre Wooden Watch,15.92
7,"Auer, Blick and Gislason",Practical Copper Watch,28.31
8,"Kihn, Rippin and Daugherty",Mediocre Bronze Wallet,31.02
9,Boyle-Hudson,Mediocre Concrete Computer,34.46
10,Runolfsdottir Group,Lightweight Plastic Bag,38.25
1,Powlowski Group,Ergonomic Granite Chair,83.37
2,"Hoeger, Fahey and Bergstrom",Small Bronze Computer,41.52
3,Hello World,Enormous Bronze Clock,5000.0
4,"Padberg, Kuphal and Donnelly",Practical Wooden Keyboard,14.98
5,Hahn and Sons,Ergonomic Copper Shirt,51.97
6,Kshlerin-Fadel,Mediocre Wool Shirt,79.71
7,Feeney and Sons,Sleek Leather Bag,25.12
8,Schmidt LLC,Durable Plastic Bag,72.37
9,Kirlin-Mante,Heavy Duty Wooden Knife,53.83
10,"Schroeder, Kreiger and Senger",Rustic Linen Wallet,72.97
1,Breitenberg LLC,Aerodynamic Bronze Computer,72.89
2,Windler LLC,Rustic Marble Hat,39.81
3,Hyatt Inc,Synergistic Linen Coat,27.07
4,Lolerskater,Lightweight Iron Knife,100000.0
5,"Connelly, Pacocha and Smitham",Ergonomic Marble Table,37.66
6,"Hagenes, Nicolas and Kilback",Incredible Plastic Keyboard,44.95
7,"Kuhlman, Thompson and Wilkinson",Durable Rubber Shoes,65.65
8,Macejkovic-Emard,Incredible Linen Bench,43.47
9,Larson-Runolfsson,Sleek Granite Clock,26.12
10,"Kuhic, Berge and Lebsack",Intelligent Granite Plate,81.23
